"","Article","Article.number","Study..","Sample..","Published","DV..","N.sample.size..gross..","N.sample.size..post.attrition.","Exceptional.Cell.N","Routine.Cell.N","IV1.manipulated.","Design.type","DV.group","DV.percentage.","DV.count.","DV.scale.","Exceptional.Cell.M","Routine.Cell.M","Exceptional.Cell.SD","Routine.Cell.SD","F.ANOVA.F","F.ANOVA.DF..x..y.","t.from.t.test","t.test.df..x.","p.values","Cnt.Cell1.option1","Cnt.Cell1.option2","p.values.1","Calculated.Chisq","Reported.Chisq","Calculated.Chisq.1","X..Cell1","X..Cell2","Does.effect.need.to.be.reversed.","Best.effect.estimate","Action.inaction","Status.quo","Controllable.vs..uncontrollable.Events","Exceptional.vs..normal.outcome","Outcome.severity","Regret.vs..counterfactuals","Routine.strength","Regret.vs..Counterfactuals..using.DV.groups.","chisq","yi","vi","d","dvar","Routine.strength.recoded"
"1","Kahneman & Miller (1986)",1,1,1,"Yes",1,92,92,NA,NA,"Measured/compared","No manipulation (comparison)","1 - regret","No","Yes","No",NA,NA,NA,NA,NA,"",NA,NA,"",75,17,"",36.565,NA,NA,NA,NA,"No",1.62431688,1,1,1,NA,NA,1,"high frequency (often/regularly/most times/habit",1,36.565,1.61074320133705,0.0568551498921775,1.62431688,0.0578174202535486,2
"2","Kahneman & Miller (1986)",1,2,1,"Yes",1,138,138,NA,NA,"Measured/compared","No manipulation (comparison)","1 - regret","No","Yes","No",NA,NA,NA,NA,NA,"",NA,NA,"",121,17,"",78.377,NA,NA,NA,NA,"No",2.29307047,1,1,1,1,1,1,"high frequency (often/regularly/most times/habit",1,78.377,2.28040157237569,0.0475075280218423,2.29307047,0.0480368557260363,2
"3","Miller & McFarland (1986)",5,1,1,"Yes",1,163,163,105,58,"Manipulated","Between","3 - compensation","No","No","Yes",5.37,4.52,NA,NA,NA,"",2.17,162,"p < .03",NA,NA,"",NA,NA,NA,NA,NA,"No",0.35721176,1,1,NA,1,1,3,"high frequency (often/regularly/most times/habit",3,NA,0.353357155963005,0.0268990285933849,0.355013517631582,0.0271517980295567,2
"4","Gavanski & Wells (1989)",3,1,1,"Yes",1,57,57,28,28,"Manipulated","Between","2 - counterfactuals","No","No","Yes",2.49,3.22,NA,NA,NA,"",NA,NA,"",NA,NA,"",NA,NA,NA,NA,NA,"Yes",0.87,NA,NA,NA,1,0,2,"certainty (always/never/each day)",2,NA,0.857860465116279,0.0760198782353396,0.87,0.0781866071428571,3
"5","Gavanski & Wells (1989)",3,1,2,"Yes",1,57,57,28,28,"Manipulated","Between","2 - counterfactuals","No","No","Yes",2.95,2.87,NA,NA,NA,"",NA,NA,"",NA,NA,"",NA,NA,NA,NA,NA,"Yes",-0.1,NA,NA,NA,0,0,2,"certainty (always/never/each day)",2,NA,-0.0986046511627907,0.0695359344819594,-0.1,0.0715178571428571,3
"6","Macrae (1992)",4,1,1,"Yes",1,40,40,20,20,"Manipulated","Between","3 - compensation","No","No","Yes",535,460,NA,NA,NA,"",-1.81,38,"p<.08",NA,NA,"",NA,NA,NA,NA,NA,"Yes",0.587,1,1,1,1,1,3,"high frequency (often/regularly/most times/habit",3,NA,0.561000622255567,0.0999999832463489,0.572372256490477,0.104095125,2
"7","Macrae (1992)",4,1,1,"Yes",3,40,40,20,20,"Manipulated","Between","7 - offender punishment","No","No","Yes",2125,1800,NA,NA,NA,"",-2.1,38,"p< .05",NA,NA,"",NA,NA,NA,NA,NA,"Yes",0.681,1,1,1,1,1,3,"high frequency (often/regularly/most times/habit",3,NA,0.650884699854525,0.101361598175519,0.66407830863536,0.1055125,2
"8","Macrae (1992)",4,2,1,"Yes",1,40,40,20,20,"Manipulated","Between","3 - compensation","No","No","Yes",1120,920,NA,NA,NA,"",-2.37,38,"P< .03",NA,NA,"",NA,NA,NA,NA,NA,"Yes",0.769,1,1,1,1,1,3,"high frequency (often/regularly/most times/habit",3,NA,0.734569875550107,0.102810873295031,0.749459805459906,0.107021125,2
"9","Macrae (1992)",4,2,1,"Yes",3,40,40,20,20,"Manipulated","Between","7 - offender punishment","No","No","Yes",2475,1875,NA,NA,NA,"",-2.91,38,"p < .008",NA,NA,"",NA,NA,NA,NA,NA,"Yes",0.944,1,1,1,1,1,3,"high frequency (often/regularly/most times/habit",3,NA,0.90194022694127,0.106234664181396,0.920222799108998,0.110585125,2
"10","Landman (1987)",56,1,1,"Yes",1,96,48,NA,NA,"Measured/compared","No manipulation (comparison)","1 - regret","No","Yes","No",NA,NA,NA,NA,NA,"",NA,NA,"",39,9,"",18.75,NA,NA,NA,NA,"No",1.60128154,1,1,1,0,0,1,"high frequency (often/regularly/most times/habit",1,18.75,1.57503102295082,0.106464350010193,1.60128154,0.110042735107758,2
"11","Turley et al. (1995)",7,1,1,"Yes",1,62,62,31,31,"Manipulated","Between","5 - avoidability","No","No","Yes",3.97,2.83,NA,NA,6.25,"1, 60",NA,NA,"p < .05",NA,NA,"",NA,NA,NA,NA,NA,"No",0.65,1,1,1,1,1,3,"high frequency (often/regularly/most times/habit",3,NA,0.641841004184101,0.0662288994895386,0.65,0.0679233870967742,2
"12","Turley et al. (1995)",7,1,1,"Yes",3,62,62,31,31,"Manipulated","Between","4 - self blame","No","No","Yes",1.36,1.52,NA,NA,0.27,"1, 60",NA,NA,"not significant",NA,NA,"",NA,NA,NA,NA,NA,"No",0.13,1,1,1,1,1,3,"high frequency (often/regularly/most times/habit",3,NA,0.12836820083682,0.0630395327180388,0.13,0.0646524193548387,2
"13","Turley et al. (1995)",7,1,1,"Yes",4,62,62,30,30,"Manipulated","Between","4 - self blame","No","No","Yes",5.44,4.14,NA,NA,4.8,"1, 59",NA,NA,"p < .05",NA,NA,"",NA,NA,NA,NA,NA,"No",0.58,1,1,1,1,1,3,"high frequency (often/regularly/most times/habit",3,NA,0.572467532467532,0.0676773013998988,0.58,0.06947,2
"14","Turley et al. (1995)",7,1,1,"Yes",5,62,62,29,29,"Manipulated","Between","4 - self blame","No","No","Yes",4.57,4.41,NA,NA,0.05,"1, 57",NA,NA,"not significant",NA,NA,"",NA,NA,NA,NA,NA,"No",0.06,1,1,1,1,1,3,"high frequency (often/regularly/most times/habit",3,NA,0.0591928251121076,0.0671526293198793,0.06,0.0689965517241379,2
"15","Turley et al. (1995)",7,1,1,"Yes",6,62,62,30,30,"Manipulated","Between","1 - regret","No","No","Yes",8,5.45,NA,NA,19.72,"1, 59",NA,NA,"p < .01",NA,NA,"",NA,NA,NA,NA,NA,"No",1.17,1,1,1,1,1,1,"high frequency (often/regularly/most times/habit",1,NA,1.15480519480519,0.0760594344183955,1.17,0.0780741666666667,2
"16","Turley et al. (1995)",7,1,1,"Yes",8,62,62,31,31,"Manipulated","Between","7 - offender punishment","No","No","Yes",16.03,13.48,NA,NA,4.16,"1, 60",NA,NA,"p < .05",NA,NA,"",NA,NA,NA,NA,NA,"No",0.53,1,1,1,1,1,3,"high frequency (often/regularly/most times/habit",3,NA,0.523347280334728,0.0651154519184233,0.53,0.0667814516129032,2
"17","Turley et al. (1995)",7,3,1,"Yes",1,80,80,40,40,"Manipulated","Between","5 - avoidability","No","No","Yes",4.41,3.69,NA,NA,4.1,"1,72",NA,NA,"p < .05",NA,NA,"",NA,NA,NA,NA,NA,"No",0.46,1,1,NA,1,1,3,"high frequency (often/regularly/most times/habit",3,NA,0.45556270096463,0.050337130922964,0.46,0.0513225,2
"18","Turley et al. (1995)",7,3,1,"Yes",4,80,80,40,40,"Manipulated","Between","4 - self blame","No","No","Yes",4.65,3.78,NA,NA,4.72,"1,72",NA,NA,"p < .04",NA,NA,"",NA,NA,NA,NA,NA,"No",0.49,1,1,NA,1,1,3,"high frequency (often/regularly/most times/habit",3,NA,0.485273311897106,0.0505118360025227,0.49,0.051500625,2
"19","Turley et al. (1995)",7,3,1,"Yes",6,80,80,40,40,"Manipulated","Between","1 - regret","No","No","Yes",7.37,6.08,NA,NA,7.85,"1,71",NA,NA,"p < .007",NA,NA,"",NA,NA,NA,NA,NA,"No",0.63,1,1,NA,1,1,1,"high frequency (often/regularly/most times/habit",1,NA,0.623922829581994,0.0514730204402353,0.63,0.052480625,2
"20","Turley et al. (1995)",7,3,1,"Yes",9,80,80,40,40,"Manipulated","Between","7 - offender punishment","No","No","Yes",14.57,11.94,NA,NA,6.74,"1, 71",NA,NA,"p < .02",NA,NA,"",NA,NA,NA,NA,NA,"No",0.59,1,1,NA,1,1,3,"high frequency (often/regularly/most times/habit",3,NA,0.584308681672026,0.0511738763040084,0.59,0.052175625,2
"21","Turley et al. (1995)",7,4,1,"Yes",1,66,66,33,33,"Manipulated","Between","4 - self blame","No","No","Yes",5.1,3.84,NA,NA,4.05,"1, 58",NA,NA," p<.05",NA,NA,"",NA,NA,NA,NA,NA,"No",0.5,1,1,NA,1,1,3,"certainty (always/never/each day)",3,NA,0.494117647058824,0.061038062283737,0.5,0.0625,3
"22","Turley et al. (1995)",7,4,1,"Yes",2,66,66,33,33,"Manipulated","Between","1 - regret","No","No","Yes",7.9,6.68,NA,NA,4.43,"1, 58",NA,NA,"p< .04",NA,NA,"",NA,NA,NA,NA,NA,"No",0.53,1,1,NA,1,1,1,"certainty (always/never/each day)",1,NA,0.523764705882353,0.0612666775715634,0.53,0.0627340909090909,3
"23","Turley et al. (1995)",7,4,1,"Yes",3,66,66,33,33,"Manipulated","Between","4 - self blame","No","No","Yes",5.51,4.36,NA,NA,3.35,"1, 58",NA,NA,"p = .072",NA,NA,"",NA,NA,NA,NA,NA,"No",0.46,1,1,NA,1,1,3,"certainty (always/never/each day)",3,NA,0.454588235294118,0.06075395784838,0.46,0.0622090909090909,3
"24","Koonce et al. (2015)",9,2,1,"Yes",1,93,93,47,46,"Manipulated","Between","4 - self blame","No","No","Yes",76.45,57,15.38,20.56,NA,"",NA,NA,"",NA,NA,"",NA,NA,NA,NA,NA,"No",1.07128963,0,1,NA,0,0,3,"can't determine",3,NA,1.06243599669421,0.0483763177152578,1.07128963,0.0491859491436868,NA
"25","Koonce et al. (2015)",9,2,2,"Yes",1,93,93,47,46,"Manipulated","Between","4 - self blame","No","No","Yes",67.49,62.18,18.36,21.66,NA,"",NA,NA,"",NA,NA,"",NA,NA,NA,NA,NA,"No",0.26446972,1,1,NA,0,0,3,"can't determine",3,NA,0.262284019834711,0.042677514811973,0.26446972,0.0433917704418123,NA
"26","Hooker et al. (2000)",34,1,1,"Yes",1,43,41,NA,NA,"Measured/compared","No manipulation (comparison)","1 - regret","No","Yes","No",NA,NA,NA,NA,NA,"",NA,NA,"",38,3,"",29.878,NA,NA,NA,NA,"No",3.27804,1,1,NA,0,0,1,"high frequency (often/regularly/most times/habit",1,29.878,3.21459406451613,0.219840664128284,3.27804,0.228604222458537,2
"27","Hooker et al. (2000)",34,1,1,"Yes",1,43,40,NA,NA,"Measured/compared","No manipulation (comparison)","1 - regret","No","Yes","No",NA,NA,NA,NA,NA,"",NA,NA,"",38,2,"",32.4,NA,NA,NA,NA,"No",4.12948,1,1,1,0,1,1,"high frequency (often/regularly/most times/habit",1,32.4,4.04743735099338,0.300837825896913,4.12948,0.31315756338,2
"28","McElroy & Dowd (2007)",10,1,1,"Yes",1,56,56,28,28,"Manipulated","Between","1 - regret","No","No","Yes",55,49.3,NA,NA,0.03,"1,54",NA,NA,"p > .8",NA,NA,"",NA,NA,NA,NA,NA,"No",0.05,1,1,NA,0,0,1,"high frequency (often/regularly/most times/habit",1,NA,0.0493023255813954,0.0694708259290736,0.05,0.0714508928571429,2
"29","McElroy & Dowd (2007)",10,1,2,"Yes",1,65,65,31,31,"Manipulated","Between","1 - regret","No","No","Yes",41.5,52.6,NA,NA,17.82,"1,63",NA,NA,"p < .001",NA,NA,"",NA,NA,NA,NA,NA,"No",1.09,0,1,NA,0,0,1,"high frequency (often/regularly/most times/habit",1,NA,1.0763179916318,0.0722490651706536,1.09,0.0740975806451613,2
"30","McElroy & Dowd (2007)",10,2,1,"Yes",1,100,100,50,50,"Manipulated","Between","1 - regret","No","No","Yes",NA,NA,NA,NA,0.41,"1, 98",NA,NA,"p > 0.5",NA,NA,"",NA,NA,NA,NA,NA,"No",0.13,1,1,1,NA,0,1,"high frequency (often/regularly/most times/habit",1,NA,0.129002557544757,0.0394717523302438,0.13,0.0400845,2
"31","McElroy & Dowd (2007)",10,2,2,"Yes",1,75,74,37,37,"Manipulated","Between","1 - regret","No","No","Yes",NA,NA,NA,NA,39.1,"1, 73",NA,NA,"p < .001",NA,NA,"",NA,NA,NA,NA,NA,"No",1.47,0,1,1,NA,0,1,"high frequency (often/regularly/most times/habit",1,NA,1.45463414634146,0.0672269407311134,1.47,0.0686547297297297,2
"32","Seta et al. (2008)",13,4,1,"Yes",1,73,73,36,37,"Manipulated","Between","1 - regret","No","No","Yes",63.9,55.3,3.9,3.8,NA,"",NA,NA,"",NA,NA,"",NA,NA,NA,NA,NA,"No",2.23357788,1,1,1,0,0,1,"high frequency (often/regularly/most times/habit",1,NA,2.20990037597173,0.0870987479482244,2.23357788,0.0889751482707315,2
"33","Seta et al. (2008)",13,4,2,"Yes",1,73,73,36,37,"Manipulated","Between","1 - regret","No","No","Yes",57.7,45.7,3.8,3.8,NA,"",NA,NA,"",NA,NA,"",NA,NA,NA,NA,NA,"No",3.15789474,0,1,1,0,0,1,"high frequency (often/regularly/most times/habit",1,NA,3.12441882402827,0.120511989840157,3.15789474,0.123108223906994,2
"34","Seta et al. (2008)",13,2,1,"Yes",1,60,60,30,30,"Manipulated","Between","1 - regret","No","No","Yes",77.3,55.7,NA,NA,14.81,"1, 58",NA,NA,"p < .001",NA,NA,"",NA,NA,NA,NA,NA,"No",1.01,0,1,1,0,0,1,"high frequency (often/regularly/most times/habit",1,NA,0.996883116883117,0.0732277753415416,1.01,0.0751675,2
"35","Seta et al. (2001)",15,1,1,"Yes",1,40,40,20,20,"Manipulated","Between","1 - regret","No","No","Yes",70.3,48.4,28.9,26.9,NA,"",NA,NA,"",NA,NA,"",NA,NA,NA,NA,NA,"No",0.784443,0,1,1,0,0,1,"high frequency (often/regularly/most times/habit",1,NA,0.768858039735099,0.103455245585026,0.784443,0.107691885253113,2
"36","Seta et al. (2001)",15,1,2,"Yes",1,39,39,20,19,"Manipulated","Between","1 - regret","No","No","Yes",83.8,61.8,15.4,25.9,NA,"",NA,NA,"",NA,NA,"",NA,NA,NA,NA,NA,"No",1.032528,1,1,1,0,0,1,"high frequency (often/regularly/most times/habit",1,NA,1.011456,0.111601219229572,1.032528,0.116299708059984,2
"37","Seta et al. (2001)",15,2,1,"Yes",1,38,38,19,19,"Manipulated","Between","1 - regret","No","No","Yes",78.8,50.3,NA,NA,11.21,"1, 36",NA,NA,"p < .01.",NA,NA,"",NA,NA,NA,NA,NA,"No",1.12,0,1,1,0,0,1,"high frequency (often/regularly/most times/habit",1,NA,1.0965034965035,0.116712849167763,1.12,0.121768421052632,2
"38","Macrae et al. (1993)",19,2,1,"Yes",1,50,50,25,25,"Manipulated","Between","6 - other","No","No","Yes",7.08,6.4,NA,NA,3.31,"1,48",NA,NA,"p < .07",NA,NA,"",NA,NA,NA,NA,NA,"No",0.53,1,1,1,1,1,3,"certainty (always/never/each day)",3,NA,0.521675392670157,0.0802280994490283,0.53,0.082809,3
"39","Macrae et al. (1993)",19,2,1,"Yes",2,50,50,25,25,"Manipulated","Between","7 - offender punishment","No","No","Yes",7.76,6.6,NA,NA,13.33,"1,48",NA,NA,"p < .001",NA,NA,"",NA,NA,NA,NA,NA,"No",1.05,1,1,1,1,1,3,"certainty (always/never/each day)",3,NA,1.03350785340314,0.0881880321263123,1.05,0.091025,3
"40","Ball (2004)",20,1,1,"No",1,67,67,67,67,"Manipulated","Within","3 - compensation","No","No","Yes",NA,NA,NA,NA,NA,"",1.67,64,"",NA,NA,"",NA,NA,NA,NA,NA,"No",0.295217,1,1,1,1,1,3,"high frequency (often/regularly/most times/habit",3,NA,0.286889556682253,0.0298189674228693,0.288532054144174,0.0301613833815995,2
"41","Ball (2004)",20,1,1,"No",3,67,67,67,67,"Manipulated","Within","7 - offender punishment","No","No","Yes",NA,NA,NA,NA,NA,"",2.56,64,"p<.05",NA,NA,"",NA,NA,NA,NA,NA,"No",0.452548,1,1,1,1,1,3,"high frequency (often/regularly/most times/habit",3,NA,0.439782793476987,0.0302335319292315,0.442300633897656,0.030580708398307,2
"42","Ball (2004)",20,1,1,"No",4,67,67,67,67,"Manipulated","Within","5 - avoidability","No","No","Yes",NA,NA,NA,NA,NA,"",2.3,64,"p<.05",NA,NA,"",NA,NA,NA,NA,NA,"No",0.406586,1,1,1,1,1,3,"high frequency (often/regularly/most times/habit",3,NA,0.39511735351448,0.0300943857262832,0.397379475767426,0.0304399643573179,2
"43","Ball (2004)",20,1,1,"No",6,67,67,67,67,"Manipulated","Within","4 - self blame","No","No","Yes",NA,NA,NA,NA,NA,"",0.96,64,"",NA,NA,"",NA,NA,NA,NA,NA,"No",0.169706,1,1,1,1,1,3,"high frequency (often/regularly/most times/habit",3,NA,0.16491854755387,0.0296133424586675,0.165862737711621,0.0299533971931388,2
"44","Ball (2004)",20,1,1,"No",7,67,67,67,67,"Manipulated","Within","4 - self blame","No","No","Yes",NA,NA,NA,NA,NA,"",1.87,64,"p<.10",NA,NA,"",NA,NA,NA,NA,NA,"No",0.330572,1,1,1,1,1,3,"high frequency (often/regularly/most times/habit",3,NA,0.321247587422643,0.029896931582166,0.323086791167429,0.0302402428157719,2
"45","Ball (2004)",20,1,1,"No",1,67,67,67,67,"Manipulated","Within","3 - compensation","No","No","Yes",NA,NA,NA,NA,NA,"",0.95,64,"",NA,NA,"",NA,NA,NA,NA,NA,"No",0.167938,1,1,1,1,1,3,"certainty (always/never/each day)",3,NA,0.16320064601685,0.0296112391882684,0.164135000860458,0.0299512697705502,3
"46","Ball (2004)",20,1,1,"No",3,67,67,67,67,"Manipulated","Within","7 - offender punishment","No","No","Yes",NA,NA,NA,NA,NA,"",1.62,64,"",NA,NA,"",NA,NA,NA,NA,NA,"No",0.286378,1,1,1,1,1,3,"certainty (always/never/each day)",3,NA,0.278300048997156,0.0298008528689084,0.279893369888361,0.0301430608153264,3
"47","Ball (2004)",20,1,1,"No",4,67,67,67,67,"Manipulated","Within","5 - avoidability","No","No","Yes",NA,NA,NA,NA,NA,"",1.19,64,"",NA,NA,"",NA,NA,NA,NA,NA,"No",0.210364,1,1,1,1,1,3,"certainty (always/never/each day)",3,NA,0.204430282905318,0.0296677962394193,0.205600685288364,0.0300084762753397,3
"48","Ball (2004)",20,1,1,"No",6,67,67,67,67,"Manipulated","Within","4 - self blame","No","No","Yes",NA,NA,NA,NA,NA,"",1.09,64,"",NA,NA,"",NA,NA,NA,NA,NA,"No",0.192687,1,1,1,1,1,3,"certainty (always/never/each day)",3,NA,0.187251267535123,0.0296426891372729,0.188323316776737,0.029983080864335,3
"49","Ball (2004)",20,1,1,"No",7,67,67,67,67,"Manipulated","Within","4 - self blame","No","No","Yes",NA,NA,NA,NA,NA,"",2.24,64,"p<.05",NA,NA,"",NA,NA,NA,NA,NA,"No",0.39598,1,1,1,1,1,3,"certainty (always/never/each day)",3,NA,0.384809944292363,0.0300643893463504,0.387013054660449,0.0304096235241702,3
"50","Ball (2004)",20,1,1,"No",1,67,67,67,67,"Manipulated","Within","6 - other","No","No","Yes",NA,NA,NA,NA,NA,"",1.34,64,"",NA,NA,"",NA,NA,NA,NA,NA,"No",0.236881,1,1,1,1,1,3,"certainty (always/never/each day)",3,NA,0.23019880596061,0.0297095863502288,0.231516738055805,0.0300507462686567,3
"51","Ball (2004)",20,1,1,"No",2,67,67,67,67,"Manipulated","Within","7 - offender punishment","No","No","Yes",NA,NA,NA,NA,NA,"",2.06,64,"p<.05",NA,NA,"",NA,NA,NA,NA,NA,"No",0.36416,1,1,1,1,1,3,"certainty (always/never/each day)",3,NA,0.353887716626013,0.0299791573416955,0.35591379133952,0.0303234127868122,3
"52","Ball (2004)",20,1,1,"No",3,67,67,67,67,"Manipulated","Within","5 - avoidability","No","No","Yes",NA,NA,NA,NA,NA,"",0.88,64,"",NA,NA,"",NA,NA,NA,NA,NA,"No",0.155563,1,1,1,1,1,3,"certainty (always/never/each day)",3,NA,0.151175335257714,0.0295971329611414,0.152040842902319,0.0299370015593673,3
"53","Ball (2004)",20,1,1,"No",5,67,67,67,67,"Manipulated","Within","4 - self blame","No","No","Yes",NA,NA,NA,NA,NA,"",1.45,64,"",NA,NA,"",NA,NA,NA,NA,NA,"No",0.256326,1,1,1,1,1,3,"certainty (always/never/each day)",3,NA,0.249095722867824,0.0297433818311443,0.250521843418594,0.0300849298284696,3
"54","Ball (2004)",20,1,1,"No",6,67,67,67,67,"Manipulated","Within","4 - self blame","No","No","Yes",NA,NA,NA,NA,NA,"",1.41,64,"",NA,NA,"",NA,NA,NA,NA,NA,"No",0.249255,1,1,1,1,1,3,"certainty (always/never/each day)",3,NA,0.242224116719747,0.0297307842325234,0.243610896013944,0.0300721875696146,3
"55","Ball (2004)",20,1,1,"No",1,67,67,67,67,"Manipulated","Within","3 - compensation","No","No","Yes",NA,NA,NA,NA,NA,"",1.08,64,"",NA,NA,"",NA,NA,NA,NA,NA,"No",0.190919,1,1,1,1,1,3,"high frequency (often/regularly/most times/habit",3,NA,0.185533365998104,0.0296402995578142,0.186595579925574,0.0299806638449543,2
"56","Ball (2004)",20,1,1,"No",2,67,67,67,67,"Manipulated","Within","7 - offender punishment","No","No","Yes",NA,NA,NA,NA,NA,"",1.33,64,"",NA,NA,"",NA,NA,NA,NA,NA,"No",0.235113,1,1,1,1,1,3,"high frequency (often/regularly/most times/habit",3,NA,0.228480904423591,0.0297066461764248,0.229789001204642,0.030047772332368,2
"57","Ball (2004)",20,1,1,"No",3,67,67,67,67,"Manipulated","Within","5 - avoidability","No","No","Yes",NA,NA,NA,NA,NA,"",1.6,64,"",NA,NA,"",NA,NA,NA,NA,NA,"No",0.282843,1,1,1,1,1,3,"high frequency (often/regularly/most times/habit",3,NA,0.274864245923117,0.0297937612137407,0.276437896186035,0.0301358877255513,2
"58","Ball (2004)",20,1,1,"No",5,67,67,67,67,"Manipulated","Within","4 - self blame","No","No","Yes",NA,NA,NA,NA,NA,"",0.49,64,"",NA,NA,"",NA,NA,NA,NA,NA,"No",0.086621,1,1,1,1,1,3,"high frequency (often/regularly/most times/habit",3,NA,0.0841771753139545,0.029538296449401,0.0846591057069733,0.0298774894185787,2
"59","Ball (2004)",20,1,1,"No",6,67,67,67,67,"Manipulated","Within","4 - self blame","No","No","Yes",NA,NA,NA,NA,NA,"",1.74,64,"p<.10",NA,NA,"",NA,NA,NA,NA,NA,"No",0.307591,1,1,1,1,1,3,"high frequency (often/regularly/most times/habit",3,NA,0.298914867441389,0.0298452527969146,0.300626212102313,0.0301879705947873,2
"60","Ball (2004)",20,1,1,"No",1,67,67,67,67,"Manipulated","Within","7 - offender punishment","No","No","Yes",NA,NA,NA,NA,NA,"",-0.35,64,"",NA,NA,"",NA,NA,NA,NA,NA,"No",-0.06187,1,1,1,1,1,3,"certainty (always/never/each day)",3,NA,-0.0601265537956818,0.0295253464703991,-0.0604707897906952,0.0298643907329026,3
"61","Ball (2004)",20,1,1,"No",2,67,67,67,67,"Manipulated","Within","5 - avoidability","No","No","Yes",NA,NA,NA,NA,NA,"",1.52,64,"",NA,NA,"",NA,NA,NA,NA,NA,"No",0.268701,1,1,1,1,1,3,"certainty (always/never/each day)",3,NA,0.261121033626961,0.0297662755440225,0.262616001376733,0.0301080864335041,3
"62","Ball (2004)",20,1,1,"No",5,67,67,67,67,"Manipulated","Within","4 - self blame","No","No","Yes",NA,NA,NA,NA,NA,"",0,64,"",NA,NA,"",NA,NA,NA,NA,NA,"No",0,1,1,1,1,1,3,"certainty (always/never/each day)",3,NA,0,0.0295118569089389,0,0.0298507462686567,3
"63","Ball (2004)",20,1,1,"No",6,67,67,67,67,"Manipulated","Within","4 - self blame","No","No","Yes",NA,NA,NA,NA,NA,"",0.95,64,"",NA,NA,"",NA,NA,NA,NA,NA,"No",0.167938,1,1,1,1,1,3,"certainty (always/never/each day)",3,NA,0.16320064601685,0.0296112391882684,0.164135000860458,0.0299512697705502,3
"64","Ball (2004)",20,1,1,"No",7,67,67,67,67,"Manipulated","Within","4 - self blame","No","No","Yes",NA,NA,NA,NA,NA,"",1.1,64,"",NA,NA,"",NA,NA,NA,NA,NA,"No",0.194454,1,1,1,1,1,3,"certainty (always/never/each day)",3,NA,0.188969169072143,0.0296451007405054,0.190051053627899,0.0299855201603921,3
"65","Ball (2004)",20,1,1,"No",8,67,67,67,67,"Manipulated","Within","1 - regret","No","No","Yes",NA,NA,NA,NA,NA,"",1.78,64,"",NA,NA,"",NA,NA,NA,NA,NA,"No",0.314663,1,1,1,1,1,1,"certainty (always/never/each day)",1,NA,0.305786473589467,0.0298607575336787,0.307537159506964,0.0302036533749165,3
"66","Ball (2004)",20,1,1,"No",1,67,67,67,67,"Manipulated","Within","3 - compensation","No","No","Yes",NA,NA,NA,NA,NA,"",0.33,64,"",NA,NA,"",NA,NA,NA,NA,NA,"No",0.058336,1,1,1,1,1,3,"high frequency (often/regularly/most times/habit",3,NA,0.0566907507216428,0.0295238488537799,0.0570153160883698,0.0298628759189129,2
"67","Ball (2004)",20,1,1,"No",2,67,67,67,67,"Manipulated","Within","7 - offender punishment","No","No","Yes",NA,NA,NA,NA,NA,"",1.1,64,"",NA,NA,"",NA,NA,NA,NA,NA,"No",0.194454,1,1,1,1,1,3,"high frequency (often/regularly/most times/habit",3,NA,0.188969169072143,0.0296451007405054,0.190051053627899,0.0299855201603921,2
"68","Ball (2004)",20,1,1,"No",3,67,67,67,67,"Manipulated","Within","5 - avoidability","No","No","Yes",NA,NA,NA,NA,NA,"",0.91,64,"",NA,NA,"",NA,NA,NA,NA,NA,"No",0.160867,1,1,1,1,1,3,"high frequency (often/regularly/most times/habit",3,NA,0.156329039868773,0.0296030463444101,0.157224053455808,0.0299429828469592,2
"69","Ball (2004)",20,1,1,"No",5,67,67,67,67,"Manipulated","Within","4 - self blame","No","No","Yes",NA,NA,NA,NA,NA,"",1.81,64,"p<.10",NA,NA,"",NA,NA,NA,NA,NA,"No",0.319966,1,1,1,1,1,3,"high frequency (often/regularly/most times/habit",3,NA,0.310940178200526,0.0298726173358768,0.312720370060452,0.0302156493651147,2
"70","Ball (2004)",20,2,1,"No",1,208,207,103,104,"Manipulated","Between","7 - offender punishment","No","No","Yes",NA,NA,NA,NA,3.26,"1, 199",NA,NA,"p = .07",NA,NA,"",NA,NA,NA,NA,NA,"No",0.25,1,1,1,1,1,3,"high frequency (often/regularly/most times/habit",3,NA,0.249084249084249,0.0193326753296856,0.25,0.0194750886630372,2
"71","Ball (2004)",20,2,1,"No",2,208,207,103,104,"Manipulated","Between","7 - offender punishment","No","No","Yes",NA,NA,NA,NA,4.5,"1, 199",NA,NA,"p = .04",NA,NA,"",NA,NA,NA,NA,NA,"No",0.3,1,1,1,1,1,3,"high frequency (often/regularly/most times/habit",3,NA,0.298901098901099,0.0193986147108026,0.3,0.0195415137838101,2
"72","Guttentag & Ferrell (2004)",24,1,1,"Yes",1,18,4,NA,NA,"Measured/compared","No manipulation (comparison)","1 - regret","No","Yes","No",NA,NA,NA,NA,NA,"",NA,NA,"",1,3,"",1,NA,NA,NA,NA,"No",1.15470054,1,1,1,0,0,3,"certainty (always/never/each day)",1,1,0.65982888,0.380952381105155,1.15470054,1.16666666713454,3
"73","Guttentag & Ferrell (2004)",24,1,2,"Yes",1,25,23,NA,NA,"Measured/compared","No manipulation (comparison)","1 - regret","No","Yes","No",NA,NA,NA,NA,NA,"",NA,NA,"",19,4,"",9.783,NA,NA,NA,NA,"No",1.72067789,1,1,1,0,0,3,"certainty (always/never/each day)",1,9.783,1.65848471325301,0.221363255117683,1.72067789,0.238276791329019,3
"74","Guttentag & Ferrell (2004)",24,1,3,"Yes",1,54,50,NA,NA,"Measured/compared","No manipulation (comparison)","1 - regret","No","Yes","No",NA,NA,NA,NA,NA,"",NA,NA,"",42,8,"",23.12,NA,NA,NA,NA,"No",1.85485207,1,1,1,0,0,3,"certainty (always/never/each day)",1,23.12,1.8257182678534,0.110839119231589,1.85485207,0.114404762015833,3
"75","Guttentag & Ferrell (2004)",24,1,4,"Yes",1,83,70,NA,NA,"Measured/compared","No manipulation (comparison)","1 - regret","No","Yes","No",NA,NA,NA,NA,NA,"",NA,NA,"",60,10,"",35.714,NA,NA,NA,NA,"No",2.04122478,1,1,1,0,0,3,"certainty (always/never/each day)",1,35.714,2.01862819571956,0.0849908457153126,2.04122478,0.0869042757320432,3
"76","Guttentag & Ferrell (2004)",24,1,2,"Yes",1,25,20,NA,NA,"Measured/compared","No manipulation (comparison)","1 - regret","No","Yes","No",NA,NA,NA,NA,NA,"",NA,NA,"",16,4,"",7.2,NA,NA,NA,NA,"No",1.5,1,1,1,0,1,3,"certainty (always/never/each day)",1,7.2,1.43661971830986,0.235052568934735,1.5,0.25625,3
"77","Guttentag & Ferrell (2004)",24,1,3,"Yes",1,54,45,NA,NA,"Measured/compared","No manipulation (comparison)","1 - regret","No","Yes","No",NA,NA,NA,NA,NA,"",NA,NA,"",42,3,"",33.8,NA,NA,NA,NA,"No",3.47439614,1,1,1,0,1,3,"certainty (always/never/each day)",1,33.8,3.41344182175439,0.215259395691189,3.47439614,0.223015872640521,3
"78","Guttentag & Ferrell (2004)",24,1,4,"Yes",1,83,71,NA,NA,"Measured/compared","No manipulation (comparison)","1 - regret","No","Yes","No",NA,NA,NA,NA,NA,"",NA,NA,"",62,9,"",39.563,NA,NA,NA,NA,"No",2.24364456,1,1,1,0,1,3,"certainty (always/never/each day)",1,39.563,2.21916843752727,0.0897965856738555,2.24364456,0.0917883162789971,3
"79","Roese & Olson (1996)",27,3,1,"Yes",1,183,148,76,76,"Measured/compared","Between","2 - counterfactuals","No","No","Yes",1.17,0.53,NA,NA,17.47,"1,144",NA,NA,"p<.001",NA,NA,"",NA,NA,NA,NA,NA,"No",0.68,1,1,1,1,0,2,"high frequency (often/regularly/most times/habit",2,NA,0.676594323873122,0.0275587072089073,0.68,0.0278368421052632,2
"80","Macrae & Milne (1992)",35,1,1,"Yes",1,30,30,30,30,"Manipulated","Within","3 - compensation","No","No","Yes",NA,NA,NA,NA,19.73,"1, 24",NA,NA,"p<.0002",NA,NA,"",NA,NA,NA,NA,NA,"No",1.17,1,1,1,1,1,3,"high frequency (often/regularly/most times/habit",3,NA,1.15480519480519,0.0760594344183955,1.17,0.0780741666666667,2
"81","Macrae & Milne (1992)",35,1,1,"Yes",2,30,30,30,30,"Manipulated","Within","7 - offender punishment","No","No","Yes",NA,NA,NA,NA,4.78,"1, 24",NA,NA,"p< .04",NA,NA,"",NA,NA,NA,NA,NA,"No",0.57,1,1,1,1,1,3,"high frequency (often/regularly/most times/habit",3,NA,0.562597402597403,0.0675839410805645,0.57,0.0693741666666667,2
"82","Epstein et al. (1992)",39,1,1,"Yes",1,83,61,NA,NA,"Measured/compared","No manipulation (comparison)","1 - regret","No","Yes","No",NA,NA,NA,NA,NA,"",NA,NA,"",51,10,"",27.557,NA,NA,NA,NA,"No",1.81548786,1,1,1,0,0,3,"high frequency (often/regularly/most times/habit",1,27.557,1.79231141923404,0.090241218538722,1.81548786,0.0925901325394047,2
"83","Epstein et al. (1992)",39,1,1,"Yes",2,83,72,NA,NA,"Measured/compared","No manipulation (comparison)","1 - regret","No","Yes","No",NA,NA,NA,NA,NA,"",NA,NA,"",62,10,"",37.556,NA,NA,NA,NA,"No",2.08839609,1,1,1,0,0,3,"high frequency (often/regularly/most times/habit",1,37.556,2.06594021806452,0.0840068815019943,2.08839609,0.0858430432550506,2
"84","Epstein et al. (1992)",39,1,1,"Yes",3,83,44,NA,NA,"Measured/compared","No manipulation (comparison)","1 - regret","No","Yes","No",NA,NA,NA,NA,NA,"",NA,NA,"",39,5,"",26.273,NA,NA,NA,NA,"No",2.43482194,1,1,1,0,0,3,"high frequency (often/regularly/most times/habit",1,26.273,2.39108262371257,0.152641279849328,2.43482194,0.158276794085288,2
"85","Epstein et al. (1992)",39,2,1,"Yes",1,115,107,NA,NA,"Measured/compared","No manipulation (comparison)","1 - regret","No","Yes","No",NA,NA,NA,NA,NA,"",NA,NA,"",91,16,"",52.57,NA,NA,NA,NA,"No",1.96553063,1,1,1,0,0,3,"high frequency (often/regularly/most times/habit",1,52.57,1.95145761832936,0.0546450396142315,1.96553063,0.0554360311096645,2
"86","Epstein et al. (1992)",39,2,1,"Yes",2,115,104,NA,NA,"Measured/compared","No manipulation (comparison)","1 - regret","No","Yes","No",NA,NA,NA,NA,NA,"",NA,NA,"",89,15,"",52.654,NA,NA,NA,NA,"No",2.02531403,1,1,1,0,0,3,"high frequency (often/regularly/most times/habit",1,52.654,2.01038542535627,0.0573276350699331,2.02531403,0.0581821967313214,2
"87","Epstein et al. (1992)",39,2,1,"Yes",3,115,25,NA,NA,"Measured/compared","No manipulation (comparison)","1 - regret","No","Yes","No",NA,NA,NA,NA,NA,"",NA,NA,"",21,5,"",9.846,NA,NA,NA,NA,"No",1.61211593,1,1,1,0,0,3,"high frequency (often/regularly/most times/habit",1,9.846,1.55896925098901,0.198232144003158,1.61211593,0.211978355435195,2
"88","Valshtein & Seta (2016)",55,1,1,"No",1,167,167,83,84,"Manipulated","Between","1 - regret","No","No","Yes",7.24,5.32,1.95,1.875,NA,"",NA,NA,"",NA,NA,"",NA,NA,NA,NA,NA,"No",1.00372864,1,1,0,0,0,1,"high frequency (often/regularly/most times/habit",1,NA,0.999159313869499,0.0267243465535179,1.00372864,0.0269693354625416,2
"89","Kutscher & Feldman (2017)",58,1,1,"No",1,347,342,NA,NA,"Measured/compared","No manipulation (comparison)","1 - regret","No","Yes","No",NA,NA,NA,NA,NA,"",NA,NA,"",315,27,"p < .001",NA,242.53,NA,NA,NA,"No",3.12296179,1,1,1,1,1,1,"high frequency (often/regularly/most times/habit",1,NA,3.11606783461369,0.02584005503839,3.12296179,0.0259545180435673,2
"90","Kutscher & Feldman (2017)",58,1,1,"No",1,347,342,NA,NA,"Measured/compared","No manipulation (comparison)","1 - regret","No","Yes","No",NA,NA,NA,NA,NA,"",NA,NA,"",277,65,"p < .001",NA,131.42,NA,NA,NA,"No",1.5799821,1,1,1,NA,NA,1,"high frequency (often/regularly/most times/habit",1,NA,1.5764942807947,0.0152778554294197,1.5799821,0.0153455313396497,2
"91","Kutscher & Feldman (2017)",58,1,1,"No",1,347,347,228,114,"Manipulated","Between","3 - compensation","No","No","Yes",5.57,5.34,2.61,2.37,NA,"",NA,NA,"",NA,NA,"",NA,NA,NA,NA,NA,"No",0.09,1,1,NA,1,1,3,"high frequency (often/regularly/most times/habit",3,NA,0.0898013245033113,0.0131116564857753,0.09,0.0131697368421053,2
"92","Kutscher & Feldman (2017)",58,1,1,"No",2,347,347,228,114,"Manipulated","Between","1 - regret","No","No","Yes",4.43,3.95,0.87,1.12,NA,"",NA,NA,"",NA,NA,"",NA,NA,NA,NA,NA,"No",0.5,1,1,NA,1,1,1,"high frequency (often/regularly/most times/habit",1,NA,0.498896247240618,0.0134637517893254,0.5,0.0135233918128655,2
"93","Seta et al. (2013)",40,1,1,"Yes",1,59,59,29,30,"Manipulated","Between","1 - regret","No","No","Yes",4.85,6.35,1.92,1.56,NA,"",NA,NA,"",NA,NA,"",NA,NA,NA,NA,NA,"No",-0.85749293,NA,0,NA,NA,0,1,"high frequency (often/regularly/most times/habit",1,NA,-0.846160424317181,0.0721031311876768,-0.85749293,0.0740473980980907,2
"94","Seta et al. (2013)",40,1,2,"Yes",1,60,60,30,30,"Manipulated","Between","1 - regret","No","No","Yes",6.41,4.39,1.94,1.93,NA,"",NA,NA,"",NA,NA,"",NA,NA,NA,NA,NA,"No",1.04392416,NA,1,NA,NA,0,1,"high frequency (often/regularly/most times/habit",1,NA,1.03036670337662,0.0737934386307133,1.04392416,0.0757481470985975,2
"95","Seta et al. (2013)",40,2,1,"Yes",1,67,67,33,34,"Manipulated","Between","1 - regret","No","No","Yes",5.19,6.5,2.38,2.09,NA,"",NA,NA,"",NA,NA,"",NA,NA,NA,NA,NA,"No",-0.58490012,NA,0,NA,NA,0,1,"high frequency (often/regularly/most times/habit",1,NA,-0.578125215135135,0.0608336968992256,-0.58490012,0.0622678409072411,2
"96","Seta et al. (2013)",40,2,2,"Yes",1,67,67,33,34,"Manipulated","Between","1 - regret","No","No","Yes",6.21,4.51,1.93,1.99,NA,"",NA,NA,"",NA,NA,"",NA,NA,NA,NA,NA,"No",0.86724536,NA,1,NA,NA,0,1,"high frequency (often/regularly/most times/habit",1,NA,0.857200046949807,0.0638229741836712,0.86724536,0.0653275898928047,2
"97","Seta et al. (2013)",40,3,1,"Yes",1,45,45,22,23,"Manipulated","Between","1 - regret","No","No","Yes",4.63,6.54,1.98,2.06,NA,"",NA,NA,"",NA,NA,"",NA,NA,NA,NA,NA,"No",-0.94535923,NA,0,NA,NA,0,1,"high frequency (often/regularly/most times/habit",1,NA,-0.928773980350877,0.0954244083040424,-0.94535923,0.0988628515879573,2
"98","Seta et al. (2013)",40,3,2,"Yes",1,45,45,22,23,"Manipulated","Between","1 - regret","No","No","Yes",7.44,3.65,1.73,2.08,NA,"",NA,NA,"",NA,NA,"",NA,NA,NA,NA,NA,"No",1.98115947,NA,1,NA,NA,0,1,"high frequency (often/regularly/most times/habit",1,NA,1.94640228631579,0.127933972232915,1.98115947,0.132543837941563,2
"99","Briazu et al. (2017)",42,3,1,"Yes",1,102,81,NA,NA,"Measured/compared","No manipulation (comparison)","2 - counterfactuals","No","Yes","No",NA,NA,NA,NA,NA,"",NA,NA,"",77,4,"",65.79,NA,NA,NA,NA,"No",4.15954026,1,1,NA,0,0,2,"high frequency (often/regularly/most times/habit",2,65.79,4.11992559085714,0.153223034230873,4.15954026,0.156183797373833,2
"100","Briazu et al. (2017)",42,3,1,"Yes",1,102,78,NA,NA,"Measured/compared","No manipulation (comparison)","2 - counterfactuals","No","Yes","No",NA,NA,NA,NA,NA,"",NA,NA,"",72,6,"",55.846,NA,NA,NA,NA,"No",3.17541108,1,1,1,1,1,2,"high frequency (often/regularly/most times/habit",2,55.846,3.14397136633663,0.113634130433333,3.17541108,0.115918176455043,2
"101","Briazu et al. (2017)",42,3,1,"Yes",1,102,55,NA,NA,"Measured/compared","No manipulation (comparison)","2 - counterfactuals","No","Yes","No",NA,NA,NA,NA,NA,"",NA,NA,"",45,10,"",22.273,NA,NA,NA,NA,"No",1.6499328,1,1,NA,0,0,2,"high frequency (often/regularly/most times/habit",2,22.273,1.62647403981043,0.0947231533169706,1.6499328,0.0974752567683258,2
"102","Inman & Zeelenberg (2002)",12,2,1,"Yes",1,68,68,34,34,"Manipulated","Between","1 - regret","No","No","Yes",8.09,6.4,1.15,1.56,NA,"",NA,NA,"",NA,NA,"",NA,NA,NA,NA,NA,"No",1.2331989,1,1,NA,0,0,1,"medium frequency (several times/occasionally",1,NA,1.21913199239544,0.0684177517494,1.2331989,0.0700057318158913,1
"103","Inman & Zeelenberg (2002)",12,2,2,"Yes",1,68,68,34,34,"Manipulated","Between","1 - regret","No","No","Yes",8.25,6.22,1.17,1.61,NA,"",NA,NA,"",NA,NA,"",NA,NA,NA,NA,NA,"No",1.44247606,1,1,NA,0,0,1,"medium frequency (several times/occasionally",1,NA,1.42602196045627,0.0724416915789697,1.44247606,0.0741230675270083,1
